www-blitz               http://sf.net/p/blitz/
www-boost               http://boost.org/
www-hdf5                http://www.hdfgroup.org/HDF5/
www-thrust              http://thrust.github.io/

www-gpl                 http://www.gnu.org/licenses/gpl.html
www-ncn                 http://ncn.gov.pl/?language=en
www-ncar-mmm            http://www.mmm.ucar.edu/
www-ecmwf               http://www.ecmwf.int/
www-fuw                 http://www.fuw.edu.pl/
www-uw                  http://en.uw.edu.pl/
www-igf                 http://www.igf.fuw.edu.pl/
www-wiki-zamekuj        http://en.wikipedia.org/wiki/Ujazd%C3%B3w_Castle

www-postdoc             http://www.lists.reading.ac.uk/archives/met-jobs/2014-07/msg00020.html

www-group               https://www.igf.fuw.edu.pl/en/projects/research-groups/9/
www-hania               https://www.igf.fuw.edu.pl/en/users/5/
www-piotr               http://old.ecmwf.int/staff/piotr_smolarkiewicz/
www-ania                http://www.igf.fuw.edu.pl/igf/?option=com_employees&Itemid=98&lang=en&func=view&employee=10000012
www-slayoo              http://www.igf.fuw.edu.pl/~slayoo/
www-maciek              https://www.igf.fuw.edu.pl/en/users/67/ 
www-dorota              http://us.linkedin.com/in/djarecka
www-wojtek              http://www2.mmm.ucar.edu/people/grabowski/
www-piotrek             http://www.linkedin.com/pub/piotr-rasinski/29/43/964

www-libmpdata           http://github.com/igfuw/libmpdataxx
www-libcloudph          http://github.com/igfuw/libcloudphxx

git-libmpdata           http://github.com/igfuw/libmpdataxx
git-libcloudph          http://github.com/igfuw/libcloudphxx

doi-dorota-jcp-2015     http://dx.doi.org/10.1016/j.jcp.2015.02.003
doi-mpdata-oop          http://dx.doi.org/10.3233/SPR-140379
doi-slawinska-2012      http://dx.doi.org/10.1175/JAS-D-11-054.1
doi-slawinska-2008      http://dx.doi.org/10.1175/2007JCLI1820.1
doi-jarecka-2009        http://dx.doi.org/10.1175/2009JAS2929.1
doi-jarecka-2013-jas    http://dx.doi.org/10.1175/JAS-D-13-042.1
doi-jarecka-2013-acp    http://dx.doi.org/10.5194/acp-13-8489-2013
doi-arabas-2011         http://dx.doi.org/10.5194/gmd-4-15-2011
doi-arabas-2013         http://dx.doi.org/10.1175/JAS-D-12-0295.1
doi-rasinski-2011       http://dx.doi.org/10.1016/j.atmosres.2011.06.020
doi-grabowski-2011      http://dx.doi.org/10.2478/s11600-011-0038-9
doi-pawlowska-2006      http://dx.doi.org/10.1029/2006GL026841
doi-arabas-2009         http://dx.doi.org/10.1029/2009GL038257
doi-libmpdata-gmdd      http://dx.doi.org/10.5194/gmdd-7-8179-2014
doi-libcloudph-gmdd     http://dx.doi.org/10.5194/gmdd-7-8275-2014
doi-libmpdata-gmd       http://dx.doi.org/10.5194/gmd-8-1005-2015
 
axv-pylib               http://arxiv.org/abs/1504.01161
axv-libmpdata           http://arxiv.org/abs/1407.1309
axv-libcloudph          http://arxiv.org/abs/1310.1905

news-201301-harmonia    http://www.igf.fuw.edu.pl/zfa/index.php?Itemid=88&option=com_news&func=view&news=10000258&lang=en

news-201404-sea-talk    https://sea.ucar.edu/sites/default/files/talk_web.pdf
news-201404-sea-www     https://sea.ucar.edu/conference/2014

news-201407-ams-pstr    http://www.igf.fuw.edu.pl/~ajaruga/posters/2014_AMS.pdf
news-201407-ams-www     https://www.ametsoc.org/meet/fainst/201414cloudphy.html

news-201409-ncar-talk   http://www.igf.fuw.edu.pl/~slayoo/talk-20140904-ncar.pdf
news-201409-ncar-www    http://www2.ucar.edu/for-staff/daily/calendar/2014-09-04/introducing-libmpdata-and-libcloudph-reusable-software


anim_rf                 http://www.igf.fuw.edu.pl/~slayoo/temp/20140717/ef.gif
anim_bombel             http://www.igf.fuw.edu.pl/~ajaruga/bombel/anim_bombel.gif
foto_team               http://foss.igf.fuw.edu.pl/team.jpg
foto_cent               http://foss.igf.fuw.edu.pl/cent.jpg

www_chopin              http://www.lotnisko-chopina.pl/en/
www_modlin              http://en.modlinairport.pl/
www_cent                http://www.cent.uw.edu.pl/en/about/localization
www_campanile           http://www.campanile.com/fr/hotels/campanile-varsovie-warszawa
www_tulip               http://www.goldentulipwarsawcentre.com/en
www_radisson            http://www.radissonblu.com/sobieski-warsaw
www_ibis                http://www.accorhotels.com/gb/hotel-7125-ibis-warszawa-reduta/
www_ibis_budget         http://www.accorhotels.com/pl/hotel-7148-ibis-budget-warszawa-reduta/
www_sound_garden        http://www.soundgardenhotel.pl/
www_regform             http://goo.gl/forms/N9c678nSZ4
www_workshop            http://foss.igf.fuw.edu.pl/workshop_2015/
